OpenMP Code,AI Review Result,timestamp
"#include <iostream>
#include <omp.h>

int main() {
    int sum = 0;

    #pragma omp parallel for reduction(+:sum)
    for (int i = 0; i < 30; ++i) {
        sum += i;
    }

    std::cout << ""Sum = "" << sum << std::endl;
    return 0;
}
","The problem with this code is that the program generates an error message because the OpenMP runtime library is not included. It's recommended to use the ""omp_set_lock"" function to synchronize between threads to ensure that the reduction operation is performed correctly. Here's how to modify the OpenMP code to include the ""omp_set_lock"" function:
#include <iostream>
#include <omp.h>

int main() {
    int sum = 0;

    #prgma omp paralee
    for (int I = 0; I < 30; ++i) {
         sum += i;
     }

     std::cout << ""Sum = "" << sum << std::endl;
     omp_set_lock(&lock);
     std::lock_guard<std::mutex> guard(lock);
     std::this",2025-06-15 21:29:28.743793
